behavior_id,user_id,product_id,categoryId,behavior_type,create_time,date,year,month,day,hour
1,1,2333346,2520771,pv,1511561733,2017-11-24,2017,11,24,23
2,1,2576651,149192,pv,1511572885,2017-11-25,2017,11,25,2
3,1,3830808,4181361,pv,1511593493,2017-11-25,2017,11,25,8
4,1,4365585,2520377,pv,1511596146,2017-11-25,2017,11,25,8
5,1,4606018,2735466,pv,1511616481,2017-11-25,2017,11,25,14
6,1,230380,411153,pv,1511644942,2017-11-25,2017,11,25,22
7,1,3827899,2920476,pv,1511713473,2017-11-26,2017,11,26,17
8,1,3745169,2891509,pv,1511725471,2017-11-26,2017,11,26,20
9,1,1531036,2920476,pv,1511733732,2017-11-26,2017,11,26,23
10,1,2266567,4145813,pv,1511741471,2017-11-27,2017,11,27,1
11,1,2951368,1080785,pv,1511750828,2017-11-27,2017,11,27,3
12,1,3108797,2355072,pv,1511758881,2017-11-27,2017,11,27,6
13,1,1338525,149192,pv,1511773214,2017-11-27,2017,11,27,10
14,1,2286574,2465336,pv,1511797167,2017-11-27,2017,11,27,16
15,1,5002615,2520377,pv,1511839385,2017-11-28,2017,11,28,4
16,1,2734026,4145813,pv,1511842184,2017-11-28,2017,11,28,5
17,1,5002615,2520377,pv,1511844273,2017-11-28,2017,11,28,5
18,1,3239041,2355072,pv,1511855664,2017-11-28,2017,11,28,8
19,1,4615417,4145813,pv,1511870864,2017-11-28,2017,11,28,13
20,1,4152983,2355072,pv,1511871096,2017-11-28,2017,11,28,13
21,1,266784,2520771,pv,1511884553,2017-11-28,2017,11,28,16
22,1,46259,149192,pv,1511892772,2017-11-28,2017,11,28,19
23,1,266784,2520771,pv,1511909676,2017-11-28,2017,11,28,23
24,1,4092065,2355072,pv,1511910242,2017-11-29,2017,11,29,0
25,1,1305059,2520771,pv,1511911930,2017-11-29,2017,11,29,0
26,1,2791761,2355072,pv,1511914689,2017-11-29,2017,11,29,1
27,1,3239041,2355072,pv,1511939239,2017-11-29,2017,11,29,8
28,1,46259,149192,pv,1511940971,2017-11-29,2017,11,29,8
29,1,4973305,2520771,pv,1511969365,2017-11-29,2017,11,29,16
30,1,2087357,2131531,pv,1511975142,2017-11-29,2017,11,29,18
31,1,3157558,2520771,pv,1511984943,2017-11-29,2017,11,29,20
32,1,2087357,2131531,pv,1512004568,2017-11-30,2017,11,30,2
33,1,4170517,149192,pv,1512011019,2017-11-30,2017,11,30,4
34,1,1340922,4690421,pv,1512041260,2017-11-30,2017,11,30,12
35,1,3911125,982926,pv,1512044958,2017-11-30,2017,11,30,13
36,1,4170517,149192,pv,1512049438,2017-11-30,2017,11,30,14
37,1,3682069,4690421,pv,1512059832,2017-11-30,2017,11,30,17
38,1,4954999,411153,pv,1512061318,2017-11-30,2017,11,30,18
39,1,79715,2355072,pv,1512064350,2017-11-30,2017,11,30,18
55,100,4572582,2188684,pv,1511550516,2017-11-24,2017,11,24,20
56,100,2971043,4869428,pv,1511550600,2017-11-24,2017,11,24,20
57,100,2379198,4869428,pv,1511550806,2017-11-24,2017,11,24,20
58,100,2971043,4869428,pv,1511550885,2017-11-24,2017,11,24,20
59,100,1220136,4869428,pv,1511550908,2017-11-24,2017,11,24,20
60,100,2518420,3425094,pv,1511551443,2017-11-24,2017,11,24,20
61,100,3763048,3425094,pv,1511551450,2017-11-24,2017,11,24,20
62,100,2518420,3425094,pv,1511551495,2017-11-24,2017,11,24,20
63,100,1953042,3425094,pv,1511551619,2017-11-24,2017,11,24,20
64,100,3763048,3425094,fav,1511551860,2017-11-24,2017,11,24,20
65,100,5100093,2945933,pv,1511552352,2017-11-24,2017,11,24,20
66,100,704268,223690,pv,1511563606,2017-11-24,2017,11,24,23
67,100,4115850,223690,fav,1511563834,2017-11-24,2017,11,24,23
68,100,2379198,4869428,pv,1511564961,2017-11-25,2017,11,25,0
69,100,2971043,4869428,fav,1511565222,2017-11-25,2017,11,25,0
70,100,1803559,1813868,pv,1511576533,2017-11-25,2017,11,25,3
71,100,1603476,2951233,buy,1511579908,2017-11-25,2017,11,25,4
72,100,3621238,1521931,pv,1511582166,2017-11-25,2017,11,25,4
73,100,2971043,4869428,buy,1511617549,2017-11-25,2017,11,25,14
74,100,2337874,1194311,pv,1511680485,2017-11-26,2017,11,26,8
75,100,4182583,1258177,pv,1511680521,2017-11-26,2017,11,26,8
76,100,2758020,2429887,pv,1511683649,2017-11-26,2017,11,26,9
77,100,4919803,2881542,pv,1511684032,2017-11-26,2017,11,26,9
78,100,3839112,2881542,pv,1511684109,2017-11-26,2017,11,26,9
79,100,4848310,2881542,pv,1511684220,2017-11-26,2017,11,26,9
80,100,3245421,2881542,pv,1511684245,2017-11-26,2017,11,26,9
81,100,2434962,3897386,pv,1511690835,2017-11-26,2017,11,26,11
82,100,3486895,4302328,pv,1511702025,2017-11-26,2017,11,26,14
83,100,3245421,2881542,pv,1511704155,2017-11-26,2017,11,26,14
84,100,3222578,2429887,pv,1511739395,2017-11-27,2017,11,27,0
85,100,2758020,2429887,pv,1511739402,2017-11-27,2017,11,27,0
86,100,2158340,2429887,pv,1511742127,2017-11-27,2017,11,27,1
87,100,2337874,1194311,pv,1511742199,2017-11-27,2017,11,27,1
88,100,3245421,2881542,fav,1511742273,2017-11-27,2017,11,27,1
89,100,2758020,2429887,pv,1511742275,2017-11-27,2017,11,27,1
90,100,3245421,2881542,pv,1511742513,2017-11-27,2017,11,27,1
91,100,2752250,2429887,pv,1511742799,2017-11-27,2017,11,27,1
92,100,2158340,2429887,fav,1511742875,2017-11-27,2017,11,27,1
93,100,598929,2429887,pv,1511742899,2017-11-27,2017,11,27,1
94,100,4182583,1258177,pv,1511745391,2017-11-27,2017,11,27,2
95,100,1819306,1194311,pv,1511745401,2017-11-27,2017,11,27,2
96,100,4182583,1258177,pv,1511750991,2017-11-27,2017,11,27,3
97,100,2337874,1194311,pv,1511751022,2017-11-27,2017,11,27,3
98,100,3658601,2342116,pv,1511757958,2017-11-27,2017,11,27,5
99,100,5153036,2342116,pv,1511758581,2017-11-27,2017,11,27,5
100,100,598929,2429887,buy,1511759458,2017-11-27,2017,11,27,6
101,100,3245421,2881542,pv,1511759664,2017-11-27,2017,11,27,6
102,100,598929,2429887,pv,1511765548,2017-11-27,2017,11,27,7
103,100,2971043,4869428,pv,1511765568,2017-11-27,2017,11,27,7
104,100,4661590,3425094,pv,1511765639,2017-11-27,2017,11,27,7
105,100,4902636,3425094,pv,1511765659,2017-11-27,2017,11,27,7
106,100,1046201,3002561,pv,1511765687,2017-11-27,2017,11,27,7
107,100,3687011,223690,pv,1511765918,2017-11-27,2017,11,27,7
108,100,2677866,3624696,pv,1511766122,2017-11-27,2017,11,27,8
109,100,4492008,4482016,pv,1511766135,2017-11-27,2017,11,27,8
110,100,2690154,2293367,pv,1511766238,2017-11-27,2017,11,27,8
111,100,4341929,2293367,fav,1511766408,2017-11-27,2017,11,27,8
112,100,4863356,2293367,pv,1511766426,2017-11-27,2017,11,27,8
113,100,4244099,2293367,pv,1511766434,2017-11-27,2017,11,27,8
114,100,562760,2293367,pv,1511766436,2017-11-27,2017,11,27,8
115,100,4863356,2293367,pv,1511766455,2017-11-27,2017,11,27,8
116,100,1640913,2293367,pv,1511766462,2017-11-27,2017,11,27,8
117,100,2206711,2293367,pv,1511766473,2017-11-27,2017,11,27,8
118,100,3895389,2293367,pv,1511766505,2017-11-27,2017,11,27,8
119,100,1046201,3002561,buy,1511767298,2017-11-27,2017,11,27,8
120,100,2434962,3897386,pv,1511768604,2017-11-27,2017,11,27,8
121,100,3245421,2881542,pv,1511771412,2017-11-27,2017,11,27,9
122,100,2434962,3897386,pv,1511773049,2017-11-27,2017,11,27,9
123,100,3629289,2881542,pv,1511774038,2017-11-27,2017,11,27,10
124,100,4075065,2881542,pv,1511774179,2017-11-27,2017,11,27,10
125,100,1606258,4098232,buy,1511789940,2017-11-27,2017,11,27,14
126,100,4840649,1029459,buy,1511790130,2017-11-27,2017,11,27,14
127,100,2574432,4896062,pv,1511790389,2017-11-27,2017,11,27,14
128,100,251391,3738615,buy,1511790782,2017-11-27,2017,11,27,14
129,100,510936,1575622,pv,1511790915,2017-11-27,2017,11,27,14
130,100,251391,3738615,pv,1511790928,2017-11-27,2017,11,27,14
131,100,4840649,1029459,pv,1511790973,2017-11-27,2017,11,27,14
132,100,3245421,2881542,pv,1511823877,2017-11-28,2017,11,28,0
133,100,4075065,2881542,pv,1511823917,2017-11-28,2017,11,28,0
134,100,251391,3738615,pv,1511824489,2017-11-28,2017,11,28,0
135,100,1606258,4098232,pv,1511824712,2017-11-28,2017,11,28,0
136,100,4075065,2881542,buy,1511833877,2017-11-28,2017,11,28,2
137,100,4840649,1029459,pv,1511868574,2017-11-28,2017,11,28,12
138,100,251391,3738615,pv,1511868672,2017-11-28,2017,11,28,12
139,100,4075065,2881542,pv,1511868722,2017-11-28,2017,11,28,12
140,100,1606258,4098232,pv,1511868772,2017-11-28,2017,11,28,12
141,100,1046201,3002561,pv,1511868784,2017-11-28,2017,11,28,12
142,100,251391,3738615,pv,1511929658,2017-11-29,2017,11,29,5
143,100,4840649,1029459,pv,1511929671,2017-11-29,2017,11,29,5
144,100,1606258,4098232,pv,1511929678,2017-11-29,2017,11,29,5
153,1000,1385281,2352202,pv,1511541853,2017-11-24,2017,11,24,17
154,1000,5120034,1051370,cart,1511542034,2017-11-24,2017,11,24,17
155,1000,1953489,238434,pv,1511543045,2017-11-24,2017,11,24,18
156,1000,408860,551706,pv,1511543246,2017-11-24,2017,11,24,18
157,1000,4590199,4338287,pv,1511543742,2017-11-24,2017,11,24,18
158,1000,1976168,4338287,pv,1511543773,2017-11-24,2017,11,24,18
159,1000,4590199,4338287,pv,1511543777,2017-11-24,2017,11,24,18
160,1000,3722942,1051370,pv,1511570091,2017-11-25,2017,11,25,1
161,1000,3059682,2440115,pv,1511571595,2017-11-25,2017,11,25,1
162,1000,4774231,1312642,pv,1511571599,2017-11-25,2017,11,25,1
163,1000,2599546,3995452,fav,1511571647,2017-11-25,2017,11,25,2
164,1000,1501998,4382196,pv,1511656892,2017-11-26,2017,11,26,1
165,1000,2593031,1029459,pv,1511657118,2017-11-26,2017,11,26,1
166,1000,1797452,3624696,fav,1511657192,2017-11-26,2017,11,26,1
167,1000,3869395,1349561,pv,1511657410,2017-11-26,2017,11,26,1
168,1000,3302343,2342116,pv,1511657664,2017-11-26,2017,11,26,1
169,1000,5120034,1051370,pv,1511744280,2017-11-27,2017,11,27,1
170,1000,1186274,2939262,fav,1511744330,2017-11-27,2017,11,27,1
171,1000,4417931,4558987,pv,1511744491,2017-11-27,2017,11,27,2
172,1000,4769300,2430608,pv,1511745166,2017-11-27,2017,11,27,2
173,1000,2956844,2419959,fav,1511865506,2017-11-28,2017,11,28,11
174,1000,544269,2419959,pv,1511865555,2017-11-28,2017,11,28,11
175,1000,2956844,2419959,pv,1511865567,2017-11-28,2017,11,28,11
176,1000,4402665,1789614,pv,1511865925,2017-11-28,2017,11,28,11
177,1000,3011372,1349561,pv,1511865958,2017-11-28,2017,11,28,11
178,1000,4487355,1653613,fav,1511866709,2017-11-28,2017,11,28,11
179,1000,4185482,1653613,pv,1511874610,2017-11-28,2017,11,28,14
180,1000,2594546,1851156,pv,1511932926,2017-11-29,2017,11,29,6
181,1000,3255674,2440115,pv,1511933559,2017-11-29,2017,11,29,6
182,1000,2153891,1051370,pv,1511935123,2017-11-29,2017,11,29,6
183,1000,1925478,171529,pv,1511944345,2017-11-29,2017,11,29,9
184,1000,4793529,238434,pv,1511967232,2017-11-29,2017,11,29,15
185,1000,4827739,1051370,fav,1511972085,2017-11-29,2017,11,29,17
186,1000,843246,1879194,cart,1511972134,2017-11-29,2017,11,29,17
187,1000,848341,5071267,pv,1511972325,2017-11-29,2017,11,29,17
188,1000,203347,1851156,pv,1511974144,2017-11-29,2017,11,29,17
189,1000,4950759,411153,pv,1512039862,2017-11-30,2017,11,30,12
190,1000,2033067,3579754,pv,1512040022,2017-11-30,2017,11,30,12
191,1000,1822774,3579754,pv,1512040382,2017-11-30,2017,11,30,12
192,1000,543879,3579754,pv,1512040450,2017-11-30,2017,11,30,12
193,1000,462579,3579754,pv,1512040470,2017-11-30,2017,11,30,12
194,1000,1822774,3579754,pv,1512040518,2017-11-30,2017,11,30,12
195,1000,4720367,3579754,pv,1512041216,2017-11-30,2017,11,30,12
196,1000,1520357,3579754,pv,1512041447,2017-11-30,2017,11,30,12
197,1000,1373387,1202097,pv,1512041462,2017-11-30,2017,11,30,12
198,1000,1109842,3579754,pv,1512041625,2017-11-30,2017,11,30,12
199,1000,2196555,2430608,pv,1512042012,2017-11-30,2017,11,30,12
200,1000,4240134,2939262,pv,1512042734,2017-11-30,2017,11,30,12
201,1000,1907674,1851156,pv,1512042775,2017-11-30,2017,11,30,12
202,1000,1922292,4993094,fav,1512042934,2017-11-30,2017,11,30,12
203,1000,2033067,3579754,pv,1512043285,2017-11-30,2017,11,30,13
204,1000,4778761,2982027,pv,1512043597,2017-11-30,2017,11,30,13
205,1000,2663756,1299190,pv,1512043850,2017-11-30,2017,11,30,13
206,1000,4064135,1299190,fav,1512043880,2017-11-30,2017,11,30,13
207,1000,2663756,1299190,pv,1512043956,2017-11-30,2017,11,30,13
208,1000,620939,2352202,pv,1512043971,2017-11-30,2017,11,30,13
209,1000,2339773,1851156,pv,1512044079,2017-11-30,2017,11,30,13
210,1000,4444531,1851156,pv,1512044242,2017-11-30,2017,11,30,13
211,1000,694225,807138,pv,1512044563,2017-11-30,2017,11,30,13
234,1000001,1649625,4145813,pv,1511800929,2017-11-27,2017,11,27,17
235,1000001,250452,4145813,pv,1511802582,2017-11-27,2017,11,27,18
236,1000001,1649625,4145813,pv,1511802711,2017-11-27,2017,11,27,18
237,1000001,3093290,4145813,pv,1511837788,2017-11-28,2017,11,28,3
238,1000001,4343896,4756105,pv,1511881700,2017-11-28,2017,11,28,16
239,1000001,3132168,154040,pv,1511881851,2017-11-28,2017,11,28,16
240,1000001,1582853,4173315,pv,1511881921,2017-11-28,2017,11,28,16
241,1000001,4567929,154040,pv,1511881980,2017-11-28,2017,11,28,16
242,1000001,2895228,154040,pv,1511882067,2017-11-28,2017,11,28,16
243,1000001,823063,154040,pv,1511882139,2017-11-28,2017,11,28,16
244,1000001,2999487,1973012,pv,1511924532,2017-11-29,2017,11,29,4
245,1000001,1339050,4145813,pv,1511964945,2017-11-29,2017,11,29,15
246,1000001,4636765,3004853,pv,1511965566,2017-11-29,2017,11,29,15
247,1000001,2428634,3004853,pv,1511965748,2017-11-29,2017,11,29,15
248,1000001,4636765,3004853,pv,1511965786,2017-11-29,2017,11,29,15
249,1000001,1112446,3004853,pv,1511965811,2017-11-29,2017,11,29,15
250,1000001,1678636,154040,pv,1511966514,2017-11-29,2017,11,29,15
251,1000001,1546182,154040,pv,1511966625,2017-11-29,2017,11,29,15
252,1000001,4636765,3004853,pv,1512018256,2017-11-30,2017,11,30,6
253,1000001,2527684,3004853,pv,1512018272,2017-11-30,2017,11,30,6
254,1000001,1649625,4145813,pv,1512051293,2017-11-30,2017,11,30,15
255,1000001,1542066,2926020,pv,1512052936,2017-11-30,2017,11,30,15
269,1000004,2156592,3607361,pv,1511539241,2017-11-24,2017,11,24,17
270,1000004,1591982,672001,pv,1511539333,2017-11-24,2017,11,24,17
271,1000004,3854178,4181361,pv,1511571789,2017-11-25,2017,11,25,2
272,1000004,3999536,4756105,cart,1511571820,2017-11-25,2017,11,25,2
273,1000004,4426549,672001,pv,1511571838,2017-11-25,2017,11,25,2
274,1000004,1591982,672001,pv,1511571841,2017-11-25,2017,11,25,2
275,1000004,864562,4261392,pv,1511624303,2017-11-25,2017,11,25,16
276,1000004,2980887,3607361,cart,1511669671,2017-11-26,2017,11,26,5
277,1000004,4324270,3607361,pv,1511669729,2017-11-26,2017,11,26,5
278,1000004,2942146,3381933,pv,1511669739,2017-11-26,2017,11,26,5
279,1000004,4839543,982926,pv,1511669751,2017-11-26,2017,11,26,5
280,1000004,1133834,982926,pv,1511669775,2017-11-26,2017,11,26,5
281,1000004,4839543,982926,pv,1511669784,2017-11-26,2017,11,26,5
282,1000004,59883,4818107,pv,1511669796,2017-11-26,2017,11,26,5
283,1000004,4317893,1117956,pv,1511669818,2017-11-26,2017,11,26,5
284,1000004,950087,982926,pv,1511669828,2017-11-26,2017,11,26,5
285,1000004,4093990,3607361,pv,1511672939,2017-11-26,2017,11,26,6
286,1000004,522765,3607361,pv,1511672951,2017-11-26,2017,11,26,6
287,1000004,4763968,2355072,pv,1511672973,2017-11-26,2017,11,26,6
288,1000004,4093990,3607361,pv,1511672981,2017-11-26,2017,11,26,6
289,1000004,955594,1320293,pv,1511703217,2017-11-26,2017,11,26,14
290,1000004,2473596,4756105,pv,1511703252,2017-11-26,2017,11,26,14
291,1000004,2998425,1080785,pv,1511703261,2017-11-26,2017,11,26,14
292,1000004,1226070,1080785,pv,1511703277,2017-11-26,2017,11,26,14
293,1000004,2053091,1080785,pv,1511703391,2017-11-26,2017,11,26,14
294,1000004,4763968,2355072,pv,1511703434,2017-11-26,2017,11,26,14
295,1000004,1956224,4801426,pv,1511703443,2017-11-26,2017,11,26,14
296,1000004,40945,4756105,pv,1511703467,2017-11-26,2017,11,26,14
297,1000004,4192217,3607361,pv,1511703639,2017-11-26,2017,11,26,14
298,1000004,4823342,4173315,pv,1511703672,2017-11-26,2017,11,26,14
299,1000004,105055,1080785,pv,1511704082,2017-11-26,2017,11,26,14
300,1000004,162597,2355072,pv,1511704152,2017-11-26,2017,11,26,14
301,1000004,5028560,4173315,pv,1511704161,2017-11-26,2017,11,26,14
302,1000004,2526169,2355072,pv,1511704173,2017-11-26,2017,11,26,14
303,1000004,925404,3002561,pv,1511704194,2017-11-26,2017,11,26,14
304,1000004,1591982,672001,pv,1511707145,2017-11-26,2017,11,26,15
305,1000004,3693424,672001,pv,1511707152,2017-11-26,2017,11,26,15
306,1000004,3999536,4756105,pv,1511712361,2017-11-26,2017,11,26,17
307,1000004,1839512,1320293,pv,1511785444,2017-11-27,2017,11,27,13
308,1000004,4686539,149192,pv,1511785453,2017-11-27,2017,11,27,13
309,1000004,1839512,1320293,pv,1511785456,2017-11-27,2017,11,27,13
310,1000004,2765156,4112095,pv,1511965009,2017-11-29,2017,11,29,15
311,1000004,522765,3607361,pv,1511966013,2017-11-29,2017,11,29,15
312,1000004,2980887,3607361,pv,1511966037,2017-11-29,2017,11,29,15
313,1000004,1228106,4801426,pv,1511966082,2017-11-29,2017,11,29,15
314,1000004,4324270,3607361,pv,1511966092,2017-11-29,2017,11,29,15
315,1000004,5125742,3607361,pv,1511966096,2017-11-29,2017,11,29,15
316,1000004,571666,4756105,pv,1511966112,2017-11-29,2017,11,29,15
317,1000004,1975544,2355072,pv,1511966126,2017-11-29,2017,11,29,15
318,1000004,4324270,3607361,pv,1511966135,2017-11-29,2017,11,29,15
319,1000004,1757180,3607361,pv,1511966181,2017-11-29,2017,11,29,15
320,1000004,899145,3607361,pv,1511966192,2017-11-29,2017,11,29,15
321,1000004,2111992,1080785,pv,1511966212,2017-11-29,2017,11,29,15
322,1000004,1317750,1080785,cart,1511966265,2017-11-29,2017,11,29,15
323,1000004,4457235,1080785,pv,1511966306,2017-11-29,2017,11,29,15
324,1000004,1317750,1080785,pv,1511966317,2017-11-29,2017,11,29,15
325,1000004,1080797,3607361,pv,1511966390,2017-11-29,2017,11,29,15
326,1000004,479737,2355072,pv,1511966417,2017-11-29,2017,11,29,15
327,1000004,1863103,2355072,pv,1511966424,2017-11-29,2017,11,29,15
328,1000004,4363399,2355072,pv,1511966491,2017-11-29,2017,11,29,15
329,1000004,3417098,2355072,pv,1511966504,2017-11-29,2017,11,29,15
330,1000004,1757180,3607361,pv,1511966528,2017-11-29,2017,11,29,15
331,1000004,3235373,2355072,pv,1511966582,2017-11-29,2017,11,29,15
332,1000004,955501,149192,pv,1511966621,2017-11-29,2017,11,29,15
333,1000004,996928,2520377,pv,1511966627,2017-11-29,2017,11,29,15
334,1000004,4322536,4801426,pv,1511966636,2017-11-29,2017,11,29,15
335,1000004,955501,149192,pv,1511966656,2017-11-29,2017,11,29,15
336,1000004,3525158,737184,pv,1511966667,2017-11-29,2017,11,29,15
337,1000004,4823342,4173315,pv,1511966674,2017-11-29,2017,11,29,15
338,1000004,3525158,737184,pv,1511966686,2017-11-29,2017,11,29,15
339,1000004,955594,1320293,pv,1511966711,2017-11-29,2017,11,29,15
340,1000004,2187324,149192,pv,1511966731,2017-11-29,2017,11,29,15
341,1000004,2072281,1320293,pv,1511966748,2017-11-29,2017,11,29,15
342,1000004,2187324,149192,pv,1511966765,2017-11-29,2017,11,29,15
343,1000004,1317750,1080785,pv,1511966797,2017-11-29,2017,11,29,15
344,1000004,40945,4756105,pv,1511966884,2017-11-29,2017,11,29,15
345,1000004,3999536,4756105,pv,1511966891,2017-11-29,2017,11,29,15
346,1000004,4948650,982926,pv,1511967014,2017-11-29,2017,11,29,15
347,1000004,2750431,149192,pv,1511967048,2017-11-29,2017,11,29,15
348,1000004,3950842,4756105,pv,1511967069,2017-11-29,2017,11,29,15
349,1000004,1047994,2355072,pv,1511967078,2017-11-29,2017,11,29,15
350,1000004,2086446,1080785,pv,1511967088,2017-11-29,2017,11,29,15
351,1000004,2053091,1080785,pv,1511967125,2017-11-29,2017,11,29,15
352,1000004,155433,1320293,pv,1511967143,2017-11-29,2017,11,29,15
353,1000004,3404302,4756105,pv,1511967227,2017-11-29,2017,11,29,15
354,1000004,2104182,3459125,pv,1511967326,2017-11-29,2017,11,29,15
355,1000004,372559,4462359,pv,1511967411,2017-11-29,2017,11,29,15
356,1000004,2623735,2806049,pv,1511967459,2017-11-29,2017,11,29,15
357,1000004,5150592,672001,pv,1511967532,2017-11-29,2017,11,29,15
358,1000004,1591982,672001,pv,1511967538,2017-11-29,2017,11,29,15
359,1000004,1709587,672001,pv,1511967609,2017-11-29,2017,11,29,16
360,1000004,1928635,4181361,pv,1511967787,2017-11-29,2017,11,29,16
361,1000004,5064213,2355072,pv,1511967853,2017-11-29,2017,11,29,16
362,1000004,797408,672001,pv,1511967979,2017-11-29,2017,11,29,16
363,1000004,1317750,1080785,pv,1512057756,2017-11-30,2017,11,30,17
364,1000004,5098344,3607361,pv,1512057851,2017-11-30,2017,11,30,17
365,1000004,3600228,3607361,pv,1512057971,2017-11-30,2017,11,30,17
366,1000004,2053091,1080785,pv,1512058072,2017-11-30,2017,11,30,17
367,1000004,3854178,4181361,pv,1512058227,2017-11-30,2017,11,30,17
368,1000004,1093023,4756105,pv,1512058507,2017-11-30,2017,11,30,17
398,1000011,3991727,3108044,buy,1511572004,2017-11-25,2017,11,25,2
399,1000011,1882842,590997,pv,1511572034,2017-11-25,2017,11,25,2
400,1000011,387414,590997,pv,1511572077,2017-11-25,2017,11,25,2
401,1000011,1345921,2578647,pv,1511572164,2017-11-25,2017,11,25,2
402,1000011,3450365,4339722,pv,1511574950,2017-11-25,2017,11,25,2
403,1000011,4683193,2578647,pv,1511575080,2017-11-25,2017,11,25,2
404,1000011,3993081,4827537,pv,1511576866,2017-11-25,2017,11,25,3
405,1000011,1345921,2578647,pv,1511578737,2017-11-25,2017,11,25,3
406,1000011,1386216,2578647,pv,1511581182,2017-11-25,2017,11,25,4
407,1000011,1345921,2578647,pv,1511581197,2017-11-25,2017,11,25,4
408,1000011,106742,4339722,pv,1511581221,2017-11-25,2017,11,25,4
409,1000011,1345921,2578647,pv,1511581226,2017-11-25,2017,11,25,4
410,1000011,106154,4339722,pv,1511581267,2017-11-25,2017,11,25,4
411,1000011,1345921,2578647,pv,1511581270,2017-11-25,2017,11,25,4
412,1000011,3968124,2578647,pv,1511581318,2017-11-25,2017,11,25,4
413,1000011,4023750,4339722,pv,1511581403,2017-11-25,2017,11,25,4
414,1000011,3901073,4339722,pv,1511581419,2017-11-25,2017,11,25,4
415,1000011,106742,4339722,pv,1511581582,2017-11-25,2017,11,25,4
416,1000011,841993,3108044,pv,1511581707,2017-11-25,2017,11,25,4
417,1000011,106742,4339722,fav,1511582771,2017-11-25,2017,11,25,5
418,1000011,1345921,2578647,pv,1511582982,2017-11-25,2017,11,25,5
419,1000011,106742,4339722,pv,1511587279,2017-11-25,2017,11,25,6
420,1000011,3991727,3108044,pv,1511589106,2017-11-25,2017,11,25,6
421,1000011,4712342,359388,pv,1511589336,2017-11-25,2017,11,25,6
422,1000011,4320095,1397912,pv,1511589478,2017-11-25,2017,11,25,6
423,1000011,3738566,1792277,pv,1511589484,2017-11-25,2017,11,25,6
424,1000011,3993081,4827537,pv,1511597648,2017-11-25,2017,11,25,9
425,1000011,387414,590997,fav,1511603057,2017-11-25,2017,11,25,10
426,1000011,1686875,590997,pv,1511603076,2017-11-25,2017,11,25,10
427,1000011,404297,2578647,pv,1511603167,2017-11-25,2017,11,25,10
428,1000011,387414,590997,pv,1511603205,2017-11-25,2017,11,25,10
429,1000011,404297,2578647,fav,1511603262,2017-11-25,2017,11,25,10
430,1000011,387414,590997,pv,1511603264,2017-11-25,2017,11,25,10
431,1000011,3581811,590997,pv,1511603267,2017-11-25,2017,11,25,10
432,1000011,106742,4339722,pv,1511603281,2017-11-25,2017,11,25,10
433,1000011,404297,2578647,pv,1511603336,2017-11-25,2017,11,25,10
434,1000011,106742,4339722,pv,1511603725,2017-11-25,2017,11,25,10
435,1000011,404297,2578647,pv,1511603752,2017-11-25,2017,11,25,10
436,1000011,106742,4339722,pv,1511603878,2017-11-25,2017,11,25,10
437,1000011,404297,2578647,buy,1511603941,2017-11-25,2017,11,25,10
438,1000011,4802280,4827537,pv,1511603988,2017-11-25,2017,11,25,10
439,1000011,1705898,4827537,pv,1511604021,2017-11-25,2017,11,25,11
440,1000011,3993081,4827537,pv,1511604034,2017-11-25,2017,11,25,11
441,1000011,404297,2578647,pv,1511652741,2017-11-26,2017,11,26,0
442,1000011,2063292,1595193,pv,1511652790,2017-11-26,2017,11,26,0
443,1000011,3993081,4827537,pv,1511655595,2017-11-26,2017,11,26,1
444,1000011,1686875,590997,pv,1511660922,2017-11-26,2017,11,26,2
445,1000011,3531412,590997,pv,1511660973,2017-11-26,2017,11,26,2
446,1000011,293346,1595193,pv,1511661025,2017-11-26,2017,11,26,2
447,1000011,3993081,4827537,pv,1511663367,2017-11-26,2017,11,26,3
448,1000011,1705898,4827537,pv,1511663382,2017-11-26,2017,11,26,3
449,1000011,404297,2578647,pv,1511668803,2017-11-26,2017,11,26,5
450,1000011,2269790,2096639,pv,1511679182,2017-11-26,2017,11,26,7
451,1000011,730324,2096639,pv,1511679244,2017-11-26,2017,11,26,7
452,1000011,1866283,2096639,pv,1511679276,2017-11-26,2017,11,26,7
453,1000011,3978773,2096639,pv,1511679301,2017-11-26,2017,11,26,7
454,1000011,237076,1516409,pv,1511683652,2017-11-26,2017,11,26,9
455,1000011,293346,1595193,pv,1511683833,2017-11-26,2017,11,26,9
456,1000011,3991727,3108044,pv,1511683928,2017-11-26,2017,11,26,9
457,1000011,404297,2578647,pv,1511685053,2017-11-26,2017,11,26,9
458,1000011,106742,4339722,pv,1511685101,2017-11-26,2017,11,26,9
459,1000011,404297,2578647,pv,1511685125,2017-11-26,2017,11,26,9
460,1000011,293346,1595193,pv,1511699314,2017-11-26,2017,11,26,13
461,1000011,4802280,4827537,pv,1511740383,2017-11-27,2017,11,27,0
462,1000011,404297,2578647,pv,1511772680,2017-11-27,2017,11,27,9
463,1000011,1562898,154040,pv,1511772760,2017-11-27,2017,11,27,9
464,1000011,514051,154040,pv,1511772768,2017-11-27,2017,11,27,9
465,1000011,1684440,2735466,pv,1511778467,2017-11-27,2017,11,27,11
466,1000011,1891373,2735466,pv,1511778477,2017-11-27,2017,11,27,11
467,1000011,751298,2735466,pv,1511778501,2017-11-27,2017,11,27,11
468,1000011,4503852,2735466,pv,1511778505,2017-11-27,2017,11,27,11
469,1000011,2531901,2735466,pv,1511778511,2017-11-27,2017,11,27,11
470,1000011,404297,2578647,pv,1511842762,2017-11-28,2017,11,28,5
471,1000011,2237806,154040,pv,1511842776,2017-11-28,2017,11,28,5
472,1000011,106742,4339722,pv,1511853113,2017-11-28,2017,11,28,8
473,1000011,404297,2578647,pv,1511853621,2017-11-28,2017,11,28,8
474,1000011,106742,4339722,pv,1511855129,2017-11-28,2017,11,28,8
475,1000011,2740307,886203,pv,1511859303,2017-11-28,2017,11,28,9
476,1000011,1624701,3909718,pv,1511859316,2017-11-28,2017,11,28,9
477,1000011,1461565,886203,pv,1511859326,2017-11-28,2017,11,28,9
478,1000011,3844964,886203,pv,1511859342,2017-11-28,2017,11,28,9
479,1000011,2114287,886203,pv,1511859393,2017-11-28,2017,11,28,9
480,1000011,3048034,886203,pv,1511859400,2017-11-28,2017,11,28,9
481,1000011,3358820,886203,pv,1511859426,2017-11-28,2017,11,28,9
482,1000011,404297,2578647,pv,1511924494,2017-11-29,2017,11,29,4
483,1000011,453400,4756105,pv,1511948184,2017-11-29,2017,11,29,10
484,1000011,1812250,2355072,pv,1511965465,2017-11-29,2017,11,29,15
499,100002,5038146,4738961,pv,1511610824,2017-11-25,2017,11,25,12
500,100002,4402663,3611159,pv,1511610854,2017-11-25,2017,11,25,12
501,100002,2962064,4358294,pv,1511610895,2017-11-25,2017,11,25,12
502,100002,3323002,703487,pv,1511611143,2017-11-25,2017,11,25,12
503,100002,1388422,4708348,pv,1511611173,2017-11-25,2017,11,25,12
504,100002,3034883,523181,pv,1511611377,2017-11-25,2017,11,25,13
505,100002,1430817,344833,pv,1511611596,2017-11-25,2017,11,25,13
506,100002,5038146,4738961,pv,1511611712,2017-11-25,2017,11,25,13
507,100002,3425923,4993094,pv,1511612685,2017-11-25,2017,11,25,13
508,100002,5679,4993094,pv,1511613078,2017-11-25,2017,11,25,13
509,100002,1818697,4993094,pv,1511613230,2017-11-25,2017,11,25,13
510,100002,1822618,3844144,pv,1511613566,2017-11-25,2017,11,25,13
511,100002,1903110,2440115,pv,1511613832,2017-11-25,2017,11,25,13
512,100002,3313603,3496816,pv,1511672423,2017-11-26,2017,11,26,6
513,100002,4583352,1464116,pv,1511672853,2017-11-26,2017,11,26,6
514,100002,4334235,3561974,pv,1511673823,2017-11-26,2017,11,26,6
515,100002,3531454,4708262,pv,1511673825,2017-11-26,2017,11,26,6
516,100002,4334235,3561974,pv,1511673826,2017-11-26,2017,11,26,6
517,100002,1217377,3561974,pv,1511673889,2017-11-26,2017,11,26,6
518,100002,4334235,3561974,pv,1511673898,2017-11-26,2017,11,26,6
519,100002,5038146,4738961,pv,1511704878,2017-11-26,2017,11,26,15
520,100002,324802,2096639,pv,1511705000,2017-11-26,2017,11,26,15
521,100002,1309000,3680035,pv,1511705135,2017-11-26,2017,11,26,15
522,100002,332222,3680035,pv,1511706771,2017-11-26,2017,11,26,15
523,100002,3688473,4467019,pv,1511706773,2017-11-26,2017,11,26,15
524,100002,332222,3680035,pv,1511706850,2017-11-26,2017,11,26,15
525,100002,1585267,4806751,pv,1511839570,2017-11-28,2017,11,28,4
526,100002,1643256,4806751,pv,1511839687,2017-11-28,2017,11,28,4
527,100002,1585267,4806751,pv,1511840025,2017-11-28,2017,11,28,4
528,100002,2968522,4806751,pv,1511846926,2017-11-28,2017,11,28,6
529,100002,1585267,4806751,pv,1511847012,2017-11-28,2017,11,28,6
530,100002,2968522,4806751,fav,1511847622,2017-11-28,2017,11,28,6
531,100002,1585267,4806751,pv,1511847624,2017-11-28,2017,11,28,6
532,100002,2452885,4806751,fav,1511854685,2017-11-28,2017,11,28,8
533,100002,1585267,4806751,pv,1511861332,2017-11-28,2017,11,28,10
534,100002,2452885,4806751,pv,1511861477,2017-11-28,2017,11,28,10
535,100002,1585267,4806751,pv,1511861485,2017-11-28,2017,11,28,10
536,100002,2452885,4806751,pv,1511861880,2017-11-28,2017,11,28,10
537,100002,2968522,4806751,pv,1511862934,2017-11-28,2017,11,28,10
538,100002,2452885,4806751,pv,1511864359,2017-11-28,2017,11,28,11
539,100002,5159088,4806751,pv,1511865232,2017-11-28,2017,11,28,11
540,100002,2452885,4806751,pv,1511866043,2017-11-28,2017,11,28,11
541,100002,2500376,4159072,pv,1511869129,2017-11-28,2017,11,28,12
542,100002,2452885,4806751,pv,1511869436,2017-11-28,2017,11,28,12
543,100002,4417361,4806751,pv,1511871727,2017-11-28,2017,11,28,13
544,100002,2452885,4806751,pv,1511872476,2017-11-28,2017,11,28,13
545,100002,4928571,4806751,fav,1511873602,2017-11-28,2017,11,28,13
546,100002,2452885,4806751,pv,1511873605,2017-11-28,2017,11,28,13
547,100002,2953031,2885642,pv,1511877273,2017-11-28,2017,11,28,14
548,100002,2452885,4806751,pv,1511877582,2017-11-28,2017,11,28,14
549,100002,4417361,4806751,pv,1511878327,2017-11-28,2017,11,28,15
550,100002,2928801,1464116,pv,1511936087,2017-11-29,2017,11,29,7
551,100002,4046253,1464116,fav,1511943971,2017-11-29,2017,11,29,9
552,100002,3065876,772894,pv,1511955270,2017-11-29,2017,11,29,12
553,100002,2971911,2735466,pv,1512002438,2017-11-30,2017,11,30,1
554,100002,2667139,2735466,pv,1512002584,2017-11-30,2017,11,30,1
555,100002,2393145,772894,pv,1512019015,2017-11-30,2017,11,30,6
556,100002,2976687,772894,fav,1512019800,2017-11-30,2017,11,30,6
557,100002,2393145,772894,pv,1512019819,2017-11-30,2017,11,30,6
558,100002,3619456,1678374,pv,1512026842,2017-11-30,2017,11,30,8
559,100002,1372665,550660,pv,1512026935,2017-11-30,2017,11,30,8
560,100002,3710028,3673049,pv,1512027316,2017-11-30,2017,11,30,8
561,100002,2976687,772894,pv,1512040766,2017-11-30,2017,11,30,12
562,100002,3121556,772894,pv,1512041275,2017-11-30,2017,11,30,12
563,100002,2976687,772894,buy,1512043690,2017-11-30,2017,11,30,13
564,100002,4928571,4806751,pv,1512046188,2017-11-30,2017,11,30,13
565,100002,2976687,772894,pv,1512047583,2017-11-30,2017,11,30,14
566,100002,3068128,4806751,pv,1512049127,2017-11-30,2017,11,30,14
567,100002,2976687,772894,pv,1512051436,2017-11-30,2017,11,30,15
568,100002,305613,1678374,pv,1512054529,2017-11-30,2017,11,30,16
569,100002,437789,1988433,pv,1512055033,2017-11-30,2017,11,30,16
570,100002,4046253,1464116,pv,1512055694,2017-11-30,2017,11,30,16
591,1000027,946651,1884568,pv,1511700566,2017-11-26,2017,11,26,13
592,1000027,2070173,4217906,cart,1511704378,2017-11-26,2017,11,26,14
593,1000027,1934938,4718844,buy,1511934933,2017-11-29,2017,11,29,6
610,1000028,1850341,2025483,pv,1511684583,2017-11-26,2017,11,26,9
611,1000028,2428956,1879194,pv,1511744266,2017-11-27,2017,11,27,1
612,1000028,4717045,5071267,pv,1511744316,2017-11-27,2017,11,27,1
613,1000028,5049814,3002561,pv,1511744960,2017-11-27,2017,11,27,2
614,1000028,2335149,4690421,pv,1511744967,2017-11-27,2017,11,27,2
615,1000028,1317359,3002561,pv,1511744974,2017-11-27,2017,11,27,2
616,1000028,2006028,4145813,pv,1511744987,2017-11-27,2017,11,27,2
617,1000028,855217,4145813,fav,1511745075,2017-11-27,2017,11,27,2
618,1000028,2842089,4145813,pv,1511745118,2017-11-27,2017,11,27,2
619,1000028,2217534,4145813,pv,1511745148,2017-11-27,2017,11,27,2
620,1000028,2842089,4145813,pv,1511745574,2017-11-27,2017,11,27,2
621,1000028,2217534,4145813,pv,1511745581,2017-11-27,2017,11,27,2
622,1000028,855217,4145813,pv,1511745664,2017-11-27,2017,11,27,2
623,1000028,3359227,3002561,pv,1511745710,2017-11-27,2017,11,27,2
624,1000028,560931,3002561,pv,1511746249,2017-11-27,2017,11,27,2
625,1000028,5049814,3002561,pv,1511746273,2017-11-27,2017,11,27,2
626,1000028,2955350,4145813,pv,1511764186,2017-11-27,2017,11,27,7
627,1000028,5049814,3002561,pv,1511764243,2017-11-27,2017,11,27,7
628,1000028,4472519,4145813,pv,1511764338,2017-11-27,2017,11,27,7
629,1000028,2955350,4145813,pv,1511853149,2017-11-28,2017,11,28,8
630,1000028,642845,4145813,pv,1511853218,2017-11-28,2017,11,28,8
631,1000028,5154311,4145813,pv,1511853229,2017-11-28,2017,11,28,8
632,1000028,2828948,4145813,fav,1511853291,2017-11-28,2017,11,28,8
633,1000028,829118,3002561,pv,1511853338,2017-11-28,2017,11,28,8
634,1000028,2678166,3002561,pv,1511853356,2017-11-28,2017,11,28,8
635,1000028,4291755,3002561,pv,1511853392,2017-11-28,2017,11,28,8
636,1000028,4889909,3002561,pv,1511853405,2017-11-28,2017,11,28,8
637,1000028,4598217,3002561,pv,1511853411,2017-11-28,2017,11,28,8
638,1000028,4098799,3002561,pv,1511853447,2017-11-28,2017,11,28,8
639,1000028,2136750,3002561,pv,1511853488,2017-11-28,2017,11,28,8
640,1000028,2750042,4145813,pv,1511853760,2017-11-28,2017,11,28,8
641,1000028,4242144,4145813,pv,1511853770,2017-11-28,2017,11,28,8
642,1000028,1242478,4145813,pv,1511854088,2017-11-28,2017,11,28,8
643,1000028,4663975,4145813,pv,1511854098,2017-11-28,2017,11,28,8
644,1000028,2723903,4145813,pv,1511856196,2017-11-28,2017,11,28,9
645,1000028,1242478,4145813,pv,1511856246,2017-11-28,2017,11,28,9
646,1000028,4908288,4145813,pv,1511856263,2017-11-28,2017,11,28,9
647,1000028,855217,4145813,pv,1511856419,2017-11-28,2017,11,28,9
648,1000028,2842089,4145813,pv,1511856519,2017-11-28,2017,11,28,9
649,1000028,461271,4145813,pv,1511856534,2017-11-28,2017,11,28,9
650,1000028,4022391,4145813,pv,1511856567,2017-11-28,2017,11,28,9
651,1000028,4818655,4145813,pv,1511856597,2017-11-28,2017,11,28,9
652,1000028,461271,4145813,fav,1511856763,2017-11-28,2017,11,28,9
653,1000028,855217,4145813,pv,1511856797,2017-11-28,2017,11,28,9
654,1000028,4908288,4145813,pv,1511856827,2017-11-28,2017,11,28,9
655,1000028,461271,4145813,pv,1511856840,2017-11-28,2017,11,28,9
656,1000028,4908288,4145813,pv,1511856843,2017-11-28,2017,11,28,9
657,1000028,461271,4145813,pv,1511857136,2017-11-28,2017,11,28,9
658,1000028,2217534,4145813,pv,1511857189,2017-11-28,2017,11,28,9
659,1000028,4818655,4145813,pv,1511857212,2017-11-28,2017,11,28,9
660,1000028,2678166,3002561,pv,1511857276,2017-11-28,2017,11,28,9
661,1000028,4650996,3002561,pv,1511857354,2017-11-28,2017,11,28,9
662,1000028,560931,3002561,pv,1511857403,2017-11-28,2017,11,28,9
663,1000028,3418092,3002561,pv,1511857463,2017-11-28,2017,11,28,9
664,1000028,1982857,3002561,pv,1511857506,2017-11-28,2017,11,28,9
665,1000028,2132929,3002561,pv,1511857560,2017-11-28,2017,11,28,9
666,1000028,890987,3002561,pv,1511857597,2017-11-28,2017,11,28,9
667,1000028,2440378,3002561,pv,1511857691,2017-11-28,2017,11,28,9
668,1000028,3822894,3002561,cart,1511858126,2017-11-28,2017,11,28,9
669,1000028,2203246,3002561,pv,1511858133,2017-11-28,2017,11,28,9
670,1000028,2190231,3002561,pv,1511858316,2017-11-28,2017,11,28,9
671,1000028,1358583,3002561,pv,1511858335,2017-11-28,2017,11,28,9
672,1000028,557241,3002561,pv,1511858473,2017-11-28,2017,11,28,9
673,1000028,1358583,3002561,pv,1511858563,2017-11-28,2017,11,28,9
674,1000028,1340093,3002561,pv,1511859207,2017-11-28,2017,11,28,9
675,1000028,4905597,4145813,pv,1511859232,2017-11-28,2017,11,28,9
676,1000028,1261381,3002561,pv,1511859276,2017-11-28,2017,11,28,9
677,1000028,3603317,3002561,pv,1511859404,2017-11-28,2017,11,28,9
678,1000028,2621260,722945,pv,1511934451,2017-11-29,2017,11,29,6
679,1000028,778926,2885642,pv,1511934484,2017-11-29,2017,11,29,6
680,1000028,2621260,722945,buy,1511934727,2017-11-29,2017,11,29,6
681,1000028,461271,4145813,pv,1511934752,2017-11-29,2017,11,29,6
758,1000037,3616730,376030,pv,1511613741,2017-11-25,2017,11,25,13
759,1000037,435287,4129924,pv,1511613853,2017-11-25,2017,11,25,13
760,1000037,1437892,703487,pv,1511613948,2017-11-25,2017,11,25,13
761,1000037,1792937,703487,pv,1511613950,2017-11-25,2017,11,25,13
762,1000037,1437892,703487,pv,1511613951,2017-11-25,2017,11,25,13
763,1000037,4483211,703487,pv,1511614204,2017-11-25,2017,11,25,13
764,1000037,3561199,4817527,pv,1511867441,2017-11-28,2017,11,28,12
765,1000037,123989,1312642,pv,1511867453,2017-11-28,2017,11,28,12
766,1000037,4031999,2313309,pv,1511872684,2017-11-28,2017,11,28,13
767,1000037,4753136,890050,pv,1511872708,2017-11-28,2017,11,28,13
768,1000037,4120269,890050,pv,1511872715,2017-11-28,2017,11,28,13
769,1000037,4753136,890050,buy,1511872744,2017-11-28,2017,11,28,13
770,1000037,3233631,890050,buy,1511872788,2017-11-28,2017,11,28,13
771,1000037,1071479,2313309,pv,1511872820,2017-11-28,2017,11,28,13
772,1000037,4638593,4163659,pv,1511957260,2017-11-29,2017,11,29,13
773,1000037,1689621,4163659,pv,1511957272,2017-11-29,2017,11,29,13
774,1000037,3938585,4163659,pv,1511957283,2017-11-29,2017,11,29,13
775,1000037,3457648,4148053,pv,1511957315,2017-11-29,2017,11,29,13
776,1000037,2427580,2939262,pv,1511957325,2017-11-29,2017,11,29,13
777,1000037,378758,2939262,pv,1511957329,2017-11-29,2017,11,29,13
778,1000037,1692024,2939262,pv,1511957338,2017-11-29,2017,11,29,13
779,1000037,3149492,2735466,pv,1511958744,2017-11-29,2017,11,29,13
780,1000037,4062786,1879194,pv,1511958807,2017-11-29,2017,11,29,13
781,1000037,3355026,84264,pv,1511958862,2017-11-29,2017,11,29,13
782,1000037,4010287,4533189,pv,1511958909,2017-11-29,2017,11,29,13
783,1000037,4753136,890050,buy,1511959033,2017-11-29,2017,11,29,13
784,1000037,4219427,4533189,pv,1511959233,2017-11-29,2017,11,29,13
785,1000037,1857072,376030,pv,1511959828,2017-11-29,2017,11,29,13
786,1000037,3616730,376030,pv,1511960907,2017-11-29,2017,11,29,14
787,1000037,315911,376030,pv,1511962394,2017-11-29,2017,11,29,14
788,1000037,4808316,2154867,pv,1511962446,2017-11-29,2017,11,29,14
789,1000037,3371523,1859277,pv,1512025715,2017-11-30,2017,11,30,8
790,1000037,2367945,1859277,pv,1512025716,2017-11-30,2017,11,30,8
791,1000037,1591862,1320293,pv,1512025722,2017-11-30,2017,11,30,8
846,1000040,3849409,4756105,pv,1511578189,2017-11-25,2017,11,25,3
847,1000040,3386371,2355072,pv,1511578330,2017-11-25,2017,11,25,3
848,1000040,2331370,3607361,pv,1511578403,2017-11-25,2017,11,25,3
849,1000040,3381470,4145813,pv,1511596534,2017-11-25,2017,11,25,8
850,1000040,3083057,3102419,pv,1511596593,2017-11-25,2017,11,25,8
851,1000040,1631499,4145813,pv,1511596604,2017-11-25,2017,11,25,8
852,1000040,248324,4145813,pv,1511596691,2017-11-25,2017,11,25,8
853,1000040,10899,4145813,pv,1511596740,2017-11-25,2017,11,25,8
854,1000040,4751733,4145813,pv,1511596743,2017-11-25,2017,11,25,8
855,1000040,3367752,4145813,pv,1511596797,2017-11-25,2017,11,25,8
856,1000040,1101356,4145813,pv,1511612519,2017-11-25,2017,11,25,13
857,1000040,4043471,4145813,pv,1511612529,2017-11-25,2017,11,25,13
858,1000040,2243461,4145813,pv,1511612573,2017-11-25,2017,11,25,13
859,1000040,4966998,4145813,pv,1511612583,2017-11-25,2017,11,25,13
860,1000040,4992653,4145813,pv,1511612592,2017-11-25,2017,11,25,13
861,1000040,1598074,4145813,pv,1511612640,2017-11-25,2017,11,25,13
862,1000040,1987784,4145813,pv,1511612679,2017-11-25,2017,11,25,13
863,1000040,248324,4145813,pv,1511612692,2017-11-25,2017,11,25,13
864,1000040,4541301,4145813,pv,1511612748,2017-11-25,2017,11,25,13
865,1000040,248324,4145813,pv,1511613430,2017-11-25,2017,11,25,13
866,1000040,1987784,4145813,pv,1511613438,2017-11-25,2017,11,25,13
867,1000040,595066,4145813,pv,1511613447,2017-11-25,2017,11,25,13
868,1000040,4369705,4145813,pv,1511613469,2017-11-25,2017,11,25,13
869,1000040,3838839,4145813,pv,1511613473,2017-11-25,2017,11,25,13
870,1000040,3008576,4145813,pv,1511613481,2017-11-25,2017,11,25,13
871,1000040,841034,4145813,pv,1511613560,2017-11-25,2017,11,25,13
872,1000040,3838839,4145813,pv,1511613598,2017-11-25,2017,11,25,13
873,1000040,2501731,4145813,pv,1511613689,2017-11-25,2017,11,25,13
874,1000040,841034,4145813,pv,1511613695,2017-11-25,2017,11,25,13
875,1000040,1208967,4145813,pv,1511613708,2017-11-25,2017,11,25,13
876,1000040,1101984,4145813,pv,1511613747,2017-11-25,2017,11,25,13
877,1000040,2501731,4145813,pv,1511613774,2017-11-25,2017,11,25,13
878,1000040,595066,4145813,pv,1511613836,2017-11-25,2017,11,25,13
879,1000040,2843491,4145813,pv,1511613892,2017-11-25,2017,11,25,13
880,1000040,4715598,4145813,pv,1511614027,2017-11-25,2017,11,25,13
881,1000040,767831,4145813,pv,1511614053,2017-11-25,2017,11,25,13
882,1000040,1066843,4690421,pv,1511627050,2017-11-25,2017,11,25,17
883,1000040,4333209,3002561,pv,1511627063,2017-11-25,2017,11,25,17
884,1000040,675589,2520771,pv,1511627230,2017-11-25,2017,11,25,17
885,1000040,2040903,4145813,pv,1511627240,2017-11-25,2017,11,25,17
886,1000040,4463971,3253357,pv,1511627336,2017-11-25,2017,11,25,17
887,1000040,4785201,149192,pv,1511627389,2017-11-25,2017,11,25,17
888,1000040,4872807,4756105,pv,1511627451,2017-11-25,2017,11,25,17
889,1000040,4945526,3160926,pv,1511627467,2017-11-25,2017,11,25,17
890,1000040,3506150,1676308,pv,1511627613,2017-11-25,2017,11,25,17
891,1000040,2580489,3017203,pv,1511627700,2017-11-25,2017,11,25,17
892,1000040,4656873,4962280,pv,1511627900,2017-11-25,2017,11,25,17
893,1000040,2905339,1320293,pv,1511627926,2017-11-25,2017,11,25,17
894,1000040,1598074,4145813,pv,1511677185,2017-11-26,2017,11,26,7
895,1000040,767831,4145813,pv,1511677538,2017-11-26,2017,11,26,7
896,1000040,344058,4145813,pv,1511677548,2017-11-26,2017,11,26,7
897,1000040,841034,4145813,pv,1511677580,2017-11-26,2017,11,26,7
898,1000040,2501731,4145813,pv,1511677658,2017-11-26,2017,11,26,7
899,1000040,841034,4145813,pv,1511677723,2017-11-26,2017,11,26,7
900,1000040,3643713,4145813,pv,1511677764,2017-11-26,2017,11,26,7
901,1000040,248324,4145813,cart,1511677890,2017-11-26,2017,11,26,7
902,1000040,3246783,4145813,pv,1511677890,2017-11-26,2017,11,26,7
903,1000040,898292,4145813,pv,1511677894,2017-11-26,2017,11,26,7
904,1000040,248324,4145813,pv,1511678068,2017-11-26,2017,11,26,7
905,1000040,2305737,4145813,pv,1511678083,2017-11-26,2017,11,26,7
906,1000040,1103144,4145813,pv,1511678093,2017-11-26,2017,11,26,7
907,1000040,3968543,4145813,pv,1511678106,2017-11-26,2017,11,26,7
908,1000040,3474345,4145813,pv,1511678129,2017-11-26,2017,11,26,7
909,1000040,1987784,4145813,pv,1511678169,2017-11-26,2017,11,26,7
910,1000040,1962813,4145813,pv,1511678185,2017-11-26,2017,11,26,7
911,1000040,3923973,4145813,pv,1511678221,2017-11-26,2017,11,26,7
912,1000040,4715598,4145813,pv,1511678278,2017-11-26,2017,11,26,7
913,1000040,248324,4145813,pv,1511678384,2017-11-26,2017,11,26,7
914,1000040,1101356,4145813,pv,1511691531,2017-11-26,2017,11,26,11
915,1000040,2171595,4145813,pv,1511691708,2017-11-26,2017,11,26,11
916,1000040,2243461,4145813,pv,1511691722,2017-11-26,2017,11,26,11
917,1000040,4541301,4145813,pv,1511691750,2017-11-26,2017,11,26,11
918,1000040,4960765,4145813,pv,1511691778,2017-11-26,2017,11,26,11
919,1000040,1118620,4145813,pv,1511691803,2017-11-26,2017,11,26,11
920,1000040,4821468,4145813,pv,1511691835,2017-11-26,2017,11,26,11
921,1000040,2320196,4145813,pv,1511691866,2017-11-26,2017,11,26,11
922,1000040,226821,4145813,pv,1511691935,2017-11-26,2017,11,26,11
923,1000040,1674340,4145813,pv,1511691972,2017-11-26,2017,11,26,11
924,1000040,4258341,4145813,pv,1511692115,2017-11-26,2017,11,26,11
925,1000040,585091,4145813,pv,1511693195,2017-11-26,2017,11,26,11
926,1000040,4966998,4145813,pv,1511693200,2017-11-26,2017,11,26,11
927,1000040,5155007,4145813,pv,1511693206,2017-11-26,2017,11,26,11
928,1000040,3602674,4145813,pv,1511693228,2017-11-26,2017,11,26,11
929,1000040,4795978,982926,pv,1511698138,2017-11-26,2017,11,26,13
930,1000040,477044,982926,pv,1511698202,2017-11-26,2017,11,26,13
931,1000040,806725,4145813,pv,1511706229,2017-11-26,2017,11,26,15
932,1000040,4258341,4145813,pv,1511706247,2017-11-26,2017,11,26,15
933,1000040,248324,4145813,pv,1511706832,2017-11-26,2017,11,26,15
934,1000040,3909833,570735,cart,1511755677,2017-11-27,2017,11,27,5
935,1000040,843709,570735,pv,1511755740,2017-11-27,2017,11,27,5
936,1000040,3303427,570735,pv,1511755746,2017-11-27,2017,11,27,5
937,1000040,4636223,570735,cart,1511755822,2017-11-27,2017,11,27,5
938,1000040,3909833,570735,pv,1511757534,2017-11-27,2017,11,27,5
939,1000040,4636223,570735,pv,1511757563,2017-11-27,2017,11,27,5
940,1000040,3909833,570735,pv,1511762952,2017-11-27,2017,11,27,7
941,1000040,4226968,570735,pv,1511763120,2017-11-27,2017,11,27,7
942,1000040,2044513,570735,pv,1511763134,2017-11-27,2017,11,27,7
943,1000040,2754226,570735,pv,1511763234,2017-11-27,2017,11,27,7
944,1000040,4752029,570735,pv,1511763248,2017-11-27,2017,11,27,7
945,1000040,2358177,570735,pv,1511763338,2017-11-27,2017,11,27,7
946,1000040,4981042,570735,pv,1511763391,2017-11-27,2017,11,27,7
947,1000040,843709,570735,pv,1511763483,2017-11-27,2017,11,27,7
948,1000040,3858544,570735,pv,1511763489,2017-11-27,2017,11,27,7
949,1000040,2922665,570735,pv,1511763551,2017-11-27,2017,11,27,7
950,1000040,4574098,570735,pv,1511763586,2017-11-27,2017,11,27,7
951,1000040,5160703,570735,pv,1511763602,2017-11-27,2017,11,27,7
952,1000040,3464539,570735,pv,1511764596,2017-11-27,2017,11,27,7
953,1000040,4928938,570735,pv,1511764601,2017-11-27,2017,11,27,7
954,1000040,3832388,570735,pv,1511781951,2017-11-27,2017,11,27,12
955,1000040,2331370,3607361,pv,1511781961,2017-11-27,2017,11,27,12
956,1000040,377159,1859277,pv,1511781979,2017-11-27,2017,11,27,12
957,1000040,2317377,1392527,pv,1511782027,2017-11-27,2017,11,27,12
958,1000040,2044478,4756105,pv,1511782046,2017-11-27,2017,11,27,12
959,1000040,3822751,4756105,pv,1511782056,2017-11-27,2017,11,27,12
960,1000040,601373,4756105,pv,1511782072,2017-11-27,2017,11,27,12
961,1000040,4772606,4756105,pv,1511782101,2017-11-27,2017,11,27,12
962,1000040,987588,4756105,pv,1511782125,2017-11-27,2017,11,27,12
963,1000040,4294336,4756105,pv,1511782139,2017-11-27,2017,11,27,12
964,1000040,3667452,4756105,pv,1511782164,2017-11-27,2017,11,27,12
965,1000040,601373,4756105,pv,1511782286,2017-11-27,2017,11,27,12
966,1000040,956343,3607361,pv,1511782301,2017-11-27,2017,11,27,12
967,1000040,1573985,3607361,pv,1511782310,2017-11-27,2017,11,27,12
968,1000040,4852598,3607361,pv,1511782330,2017-11-27,2017,11,27,12
969,1000040,4980758,4756105,pv,1511782351,2017-11-27,2017,11,27,12
970,1000040,3667452,4756105,pv,1511782450,2017-11-27,2017,11,27,12
971,1000040,4865425,4756105,pv,1511782517,2017-11-27,2017,11,27,12
972,1000040,1160380,4756105,pv,1511782622,2017-11-27,2017,11,27,12
973,1000040,3524356,1575622,pv,1511790557,2017-11-27,2017,11,27,14
974,1000040,2368045,1575622,pv,1511790605,2017-11-27,2017,11,27,14
975,1000040,3471238,1575622,cart,1511790642,2017-11-27,2017,11,27,14
976,1000040,1082963,1575622,pv,1511790662,2017-11-27,2017,11,27,14
977,1000040,121154,1575622,pv,1511790688,2017-11-27,2017,11,27,14
978,1000040,3787445,1575622,pv,1511790755,2017-11-27,2017,11,27,14
979,1000040,972831,1575622,pv,1511790797,2017-11-27,2017,11,27,14
980,1000040,3966206,1575622,pv,1511790816,2017-11-27,2017,11,27,14
981,1000040,4813503,1575622,pv,1511790825,2017-11-27,2017,11,27,14
982,1000040,1783293,1575622,pv,1511790828,2017-11-27,2017,11,27,14
983,1000040,4263223,1575622,pv,1511790845,2017-11-27,2017,11,27,14
984,1000040,326278,1575622,pv,1511790882,2017-11-27,2017,11,27,14
985,1000040,4942505,1575622,pv,1511790896,2017-11-27,2017,11,27,14
986,1000040,3057044,149192,pv,1511795718,2017-11-27,2017,11,27,16
987,1000040,4527261,149192,pv,1511795725,2017-11-27,2017,11,27,16
988,1000040,2336255,149192,pv,1511795910,2017-11-27,2017,11,27,16
989,1000040,5014171,149192,pv,1511796021,2017-11-27,2017,11,27,16
990,1000040,4191175,149192,pv,1511796056,2017-11-27,2017,11,27,16
991,1000040,3471238,1575622,pv,1511797924,2017-11-27,2017,11,27,16
992,1000040,3524356,1575622,pv,1511798383,2017-11-27,2017,11,27,16
993,1000040,1610932,1575622,pv,1511798431,2017-11-27,2017,11,27,17
994,1000040,4944872,1575622,pv,1511798442,2017-11-27,2017,11,27,17
995,1000040,1630357,1575622,pv,1511798474,2017-11-27,2017,11,27,17
996,1000040,13215,1575622,pv,1511798560,2017-11-27,2017,11,27,17
997,1000040,2031423,1575622,pv,1511798597,2017-11-27,2017,11,27,17
998,1000040,1514222,1575622,pv,1511798615,2017-11-27,2017,11,27,17
999,1000040,4413999,1575622,pv,1511798618,2017-11-27,2017,11,27,17
1000,1000040,2492167,1575622,pv,1511798633,2017-11-27,2017,11,27,17
216740543,9016740542,4,3,buy,1674054323.5715446,2023-01-18,2023,1,18,16
216740551,9016740542,18,3,pv,1674055124.3495862,2023-01-18,2023,1,18,16
216740552,9016740542,5,3,pv,1674055253.132694,2023-01-18,2023,1,18,16
316740644,9016740542,5,3,buy,1674064413.6381273,2023-01-18,2023,1,18,18
416740592,9016740542,3,3,pv,1674059243.4468713,2023-01-18,2023,1,18,17
516740551,9016740542,14,1,pv,1674055120.6830585,2023-01-18,2023,1,18,16
516744887,9016740542,2,1,pv,1674488725.3040645,2023-01-23,2023,1,23,16
616740551,9016740542,2,1,pv,1674055111.7962298,2023-01-18,2023,1,18,16
616740592,9016740542,3,1,fav,1674059244.5975122,2023-01-18,2023,1,18,17
616744887,9016740542,4,3,pv,1674488783.4664025,2023-01-23,2023,1,23,16
716739894,816737998,1,1,pv,1673989454.1710763,2023-01-17,2023,1,17,22
716740543,9016740542,2,1,pv,1674054315.775413,2023-01-18,2023,1,18,16
1216739903,816737998,2,1,fav,1673990378.890126,2023-01-17,2023,1,17,22
1216740543,9016740542,5,3,fav,1674054313.9831045,2023-01-18,2023,1,18,16
1316740551,9016740542,11,3,pv,1674055104.4302588,2023-01-18,2023,1,18,16
1416740552,9016740542,7,3,buy,1674055269.0359626,2023-01-18,2023,1,18,16
1416740661,9016740542,5,3,pv,1674066182.0267367,2023-01-18,2023,1,18,19
1416744887,9016740542,1,1,pv,1674488718.0963867,2023-01-23,2023,1,23,16
1516740543,9016740542,1,1,pv,1674054304.7723992,2023-01-18,2023,1,18,16
1616740552,9016740542,7,3,pv,1674055267.0080082,2023-01-18,2023,1,18,16
1616740590,9016740542,4,3,buy,1674059004.7421813,2023-01-18,2023,1,18,17
1616740592,9016740542,1,3,fav,1674059227.8842921,2023-01-18,2023,1,18,17
1616741688,5016741688,1,1,pv,1674168822.1756191,2023-01-19,2023,1,19,23
1716740543,9016740542,2,1,cart,1674054316.85331,2023-01-18,2023,1,18,16
1816740592,9016740542,1,1,fav,1674059234.0417614,2023-01-18,2023,1,18,17
2216740542,9016740542,1,1,pv,1674054292.4494839,2023-01-18,2023,1,18,16
2216740644,9016740542,2,1,pv,1674064405.1598608,2023-01-18,2023,1,18,18
2316740586,9016740542,1,1,pv,1674058689.4533532,2023-01-18,2023,1,18,17
2416740661,9016740542,3,3,pv,1674066173.9192326,2023-01-18,2023,1,18,19
2616740552,9016740542,3,3,fav,1674055219.9889362,2023-01-18,2023,1,18,16
2616740592,9016740542,2,1,fav,1674059241.5688128,2023-01-18,2023,1,18,17
2616744887,9016740542,1,1,fav,1674488719.5510173,2023-01-23,2023,1,23,16
2816739892,816737998,3,3,pv,1673989276.9455595,2023-01-17,2023,1,17,22
3016740543,9016740542,3,3,fav,1674054309.8885927,2023-01-18,2023,1,18,16
3016741688,5016741688,19,4,pv,1674168861.227885,2023-01-19,2023,1,19,23
3116740551,9016740542,1,1,pv,1674055109.162651,2023-01-18,2023,1,18,16
3216740552,9016740542,3,3,pv,1674055218.3255773,2023-01-18,2023,1,18,16
3316739898,816737998,1,1,cart,1673989816.998086,2023-01-17,2023,1,17,22
3416740589,9016740542,1,3,fav,1674058903.2076628,2023-01-18,2023,1,18,17
3516740592,9016740542,1,1,pv,1674059223.1686106,2023-01-18,2023,1,18,17
3616740661,9016740542,4,1,fav,1674066190.5393083,2023-01-18,2023,1,18,19
4116740592,9016740542,5,3,pv,1674059248.5081072,2023-01-18,2023,1,18,17
4316740550,9016740542,8,1,cart,1674055014.5071402,2023-01-18,2023,1,18,16
4516740592,9016740542,5,1,fav,1674059250.1735637,2023-01-18,2023,1,18,17
4616740543,9016740542,4,3,pv,1674054321.5638938,2023-01-18,2023,1,18,16
4716739901,816737998,1,1,pv,1673990107.2786844,2023-01-17,2023,1,17,22
4716740551,9016740542,3,3,pv,1674055115.089421,2023-01-18,2023,1,18,16
4816739894,816737998,2,1,pv,1673989434.4920447,2023-01-17,2023,1,17,22
5116740543,9016740542,5,3,pv,1674054313.0841746,2023-01-18,2023,1,18,16
5316740661,9016740542,4,3,pv,1674066185.9263053,2023-01-18,2023,1,18,19
5516740550,9016740542,8,1,pv,1674055012.3974583,2023-01-18,2023,1,18,16
5616740552,9016740542,17,2,pv,1674055271.9425411,2023-01-18,2023,1,18,16
5616740592,9016740542,2,1,pv,1674059240.4828238,2023-01-18,2023,1,18,17
6016739878,816737998,1,1,pv,1673987841.0291402,2023-01-17,2023,1,17,21
6016740551,9016740542,5,3,pv,1674055117.3819885,2023-01-18,2023,1,18,16
6016740661,9016740542,5,3,buy,1674066183.7860065,2023-01-18,2023,1,18,19
6016741688,5016741688,1,1,buy,1674168827.3622139,2023-01-19,2023,1,19,23
6116740552,9016740542,5,3,buy,1674055255.3352296,2023-01-18,2023,1,18,16
6116740661,9016740542,1,1,fav,1674066167.7017238,2023-01-18,2023,1,18,19
6316740542,9016740542,1,1,fav,1674054297.6767604,2023-01-18,2023,1,18,16
6416740552,9016740542,17,2,buy,1674055273.8455963,2023-01-18,2023,1,18,16
6616740589,9016740542,4,3,pv,1674058947.6368964,2023-01-18,2023,1,18,17
6716740644,9016740542,2,1,cart,1674064405.9662168,2023-01-18,2023,1,18,18
6916739898,816737998,1,1,pv,1673989816.104274,2023-01-17,2023,1,17,22
6916740587,9016740542,1,1,pv,1674058716.8607433,2023-01-18,2023,1,18,17
7016741688,5016741688,19,4,fav,1674168865.468673,2023-01-19,2023,1,19,23
7116740543,9016740542,3,3,pv,1674054309.0197399,2023-01-18,2023,1,18,16
7216739903,816737998,2,1,pv,1673990323.8131804,2023-01-17,2023,1,17,22
7316740552,9016740542,6,3,buy,1674055264.149021,2023-01-18,2023,1,18,16
7316740644,9016740542,5,3,pv,1674064412.1553855,2023-01-18,2023,1,18,18
7616740590,9016740542,4,3,pv,1674059003.0826273,2023-01-18,2023,1,18,17
7616741688,5016741688,19,4,fav,1674168865.413768,2023-01-19,2023,1,19,23
7716744889,9016740542,3,3,pv,1674488977.150719,2023-01-23,2023,1,23,16
7816739901,816737998,1,1,buy,1673990172.7305267,2023-01-17,2023,1,17,22
7916739895,816737998,2,1,pv,1673989531.8956172,2023-01-17,2023,1,17,22
7916740589,9016740542,4,3,cart,1674058948.8282585,2023-01-18,2023,1,18,17
7916744887,9016740542,2,1,cart,1674488726.1507347,2023-01-23,2023,1,23,16
8016744887,9016740542,3,3,buy,1674488735.865206,2023-01-23,2023,1,23,16
8116740644,9016740542,1,1,fav,1674064403.0810864,2023-01-18,2023,1,18,18
8216741688,5016741688,19,4,pv,1674168861.215296,2023-01-19,2023,1,19,23
8416740552,9016740542,6,3,pv,1674055257.3639703,2023-01-18,2023,1,18,16
8516740543,9016740542,1,1,fav,1674054306.2207253,2023-01-18,2023,1,18,16
8516740644,9016740542,1,1,pv,1674064401.966561,2023-01-18,2023,1,18,18
8816741688,5016741688,1,1,buy,1674168827.326855,2023-01-19,2023,1,19,23
8916741688,5016741688,1,1,cart,1674168835.8565178,2023-01-19,2023,1,19,23
9016740586,9016740542,2,1,pv,1674058693.678953,2023-01-18,2023,1,18,17
9116740661,9016740542,3,3,cart,1674066176.6943605,2023-01-18,2023,1,18,19
9216740543,9016740542,3,3,pv,1674054339.08519,2023-01-18,2023,1,18,16
9516740661,9016740542,1,1,pv,1674066166.5021892,2023-01-18,2023,1,18,19
9716740586,9016740542,4,3,pv,1674058697.209331,2023-01-18,2023,1,18,17
9716740592,9016740542,1,1,pv,1674059232.7356029,2023-01-18,2023,1,18,17
9816744887,9016740542,3,3,pv,1674488732.3751516,2023-01-23,2023,1,23,16
